,S1,S2,S3,S4,S5,S6,W1,W2,W3,W4,W5,W6
group,sut,sut,sut,sut,sut,sut,wild-type,wild-type,wild-type,wild-type,wild-type,wild-type
Adenine,5701.50327,,4557.362216,7355.118283,7835.120647,7704.886633,2839.736384,6896.921367,4447.183806,7552.661677,5276.728015,7306.410692
Adenosine 5'-diphosphate,21869.33644,9980.983962,6512.949319,7166.596578,23617.47653,14736.44009,9741.395948,18686.9072,3410.785107,3260.325985,18033.36392,7053.44968
Adenosine 5'-monophosphate,4788.204078,,3953.167501,4623.086772,18522.45865,13005.79605,2836.722191,12754.64002,2576.938778,,6396.557997,2895.288483
Adenosine 5'-triphosphate,601430.4968,612301.1686,895722.2857,789757.5791,799623.1216,662051.8311,401180.66,688718.8806,236040.7055,884920.2447,627281.5852,807313.2984
ADP-ribose,,1851.343388,,,,,1636.293897,1934.939313,,,1420.259407,
Alanine,32764.31759,21566.49814,25180.28877,20922.8195,32810.52529,29542.32662,18244.74147,27134.14944,13104.02319,20555.43823,27819.78567,24152.66032
Alanyl-Glutamine,34519.88304,12331.81738,9740.169204,10363.63447,29728.17632,22127.65544,19973.00397,37010.02009,5066.432452,7280.478173,32484.58022,11632.06381
alpha-Ketoglutaric acid,62959.57939,52771.2528,58144.05978,49941.83673,75370.89239,59211.50048,63763.45817,83764.09719,26132.74159,53887.96032,60317.71715,55880.72091
Aminoadipic acid,8371.811239,6622.935263,8268.519835,8997.442415,11347.9131,11531.24078,7809.656233,12344.53002,4262.653913,13043.41442,9773.142379,11587.13921
Asparagine,66387.42658,53187.90861,67299.37221,63824.81425,88817.68677,71611.7392,37341.74982,62376.03126,33247.78849,54460.69943,56103.96459,47634.98094
Aspartic Acid,542483.0265,525964.0142,609825.1476,496228.7014,677167.7158,582977.4744,409387.2876,691558.5595,294007.3648,499299.1198,549324.8124,462754.3278
Carnosine,9070.056786,1855.789949,,1902.744084,5614.621558,4899.986372,,4262.460361,1245.018096,248.5742525,5008.650424,
cis-Aconitic acid,18504.61437,11942.78203,14682.9244,10443.57806,21213.35651,19800.14199,10537.72372,19676.26794,6593.278313,9106.536981,16311.19681,14327.04584
Citramalic acid,91179.64198,72913.56039,98634.55774,92532.42547,106891.0554,113520.1992,58806.9556,89243.23536,37199.36575,91052.35759,73425.07285,86655.30097
Citric acid,1206521.864,1255533.401,1249031.836,1035186.052,1816187.263,1550097.907,922794.6679,1360365.678,532715.7428,877768.8506,1273448.852,959728.9342
Citrulline,31169.84896,24634.84827,33773.55559,32557.90925,42824.76462,33872.66145,13455.28638,16156.15119,5526.757917,19203.81146,15835.82958,19356.91572
Coenzyme A,8070.840863,2441.284602,1260.531995,1759.015714,9277.487098,6697.376417,4622.717132,8445.522972,848.9311698,528.8613668,7952.686418,2495.661832
Creatine,454730.7487,292187.0886,411172.0181,341398.8705,462465.8907,432139.375,285871.3366,432107.07,183140.6133,416994.8343,391056.5235,393558.0654
Creatine phosphate,135912.1633,98209.40751,154017.4139,121064.089,168056.3318,124822.588,84514.65224,142045.1206,38442.01865,130354.2588,138298.1042,175936.7153
Creatinine,128692.6921,78556.03893,110324.6442,85942.23476,126307.0448,139571.1628,83639.31826,124712.9504,53511.97047,101714.0094,106386.2303,100332.6587
Cyclic ADP-ribose,9378.181743,3010.311226,1889.508703,2961.076763,10882.19811,7158.215005,4389.640576,6817.102131,912.4186564,509.5876763,6619.937038,2726.819929
"4,5-dihydroorotate",41554.64826,35579.40806,28587.53424,24217.66048,54895.95414,42537.71968,95581.92763,104934.113,40372.03497,71425.75568,106445.5106,99628.21118
Dihydrouracil,15439.16205,9352.17179,12590.86451,9335.32444,16271.04851,12815.8472,27019.38652,30905.95798,13354.59653,39048.17607,30947.6555,49016.82609
Dihydroxyacetone phosphate,192019.5243,131571.1131,176566.7828,215690.8611,252503.1086,220576.7523,187647.9471,266494.5837,77981.2757,309666.5708,223084.1023,228304.5802
Erythronic acid,192647.8543,157133.7284,185624.9568,124963.2199,220766.7777,170620.518,148903.8913,215999.5622,88859.28653,133193.9231,234928.4895,169840.3004
Ethyl pyruvate,93621.82687,63039.72624,95647.09035,72517.05907,104556.2001,84839.48175,44252.92082,47101.37591,40411.32223,73169.70965,55892.85452,61101.6932
"Fructose 1,6-bisphosphate",6812.98855,9218.858247,15911.90256,17780.8218,25955.58132,14550.23082,8524.44778,16156.62313,1227.427305,12774.19553,10746.96901,12973.44775
Fumaric acid,767833.6617,631181.0264,899344.7273,791639.1139,951413.6926,730399.5564,578371.7056,938573.6385,318369.5583,917336.4354,771394.59,867107.3836
Galactonic acid,332547.6249,260001.2706,256230.4676,189446.0188,388679.6743,295814.9609,282193.5632,394819.2667,132248.7899,232002.5662,365765.1738,285892.2654
gamma-Aminobutyric acid,134392.0345,93013.84283,115760.0791,108954.3809,164221.6245,134423.0885,91055.414,147484.3424,54891.63398,99811.78013,127378.5973,112236.6196
Glucose 6-phosphate,69093.91877,58074.9476,76691.70452,68289.1527,91865.43128,73027.99349,47579.47653,66784.25654,21748.26653,80305.53287,48092.6665,71729.10127
Glucose-1-phosphate/Fructose-6P,23935.00725,15009.81583,19809.00995,18797.21244,28052.08266,24136.56011,17264.07613,24731.71114,4651.359036,22256.4452,19803.69382,21627.15588
Glutamic acid,1298244.523,921164.3288,1138238.475,1025859.909,1579880.429,1285821.372,935438.696,1441247.572,506318.4116,956857.9072,1256244.449,1080089.871
Glutamine,506483.4471,393430.4179,475076.3693,448388.176,680547.7724,565158.0177,272575.7503,411725.9123,187027.4506,301631.5567,441465.4358,367861.6079
Glyceraldehyde,360695.3036,217179.1747,274622.8389,243509.263,411608.5147,327141.5969,236388.8755,304613.7805,181405.085,286370.0666,325051.2685,347306.0984
Glyceraldehyde 3-phosphate,416005.4725,357805.6372,422275.7627,346149.8923,416246.0089,523197.5451,367226.3545,551856.8294,179232.5216,610648.9241,419878.109,490227.3589
Glycerate 2-phosphate,50788.67396,65692.76959,97621.77409,57860.68311,77085.06405,43239.41884,46147.77903,44720.12297,18966.82662,82505.74235,49571.7845,70947.43359
Glyceric acid,112785.9958,45354.01334,62217.85504,48046.25834,51377.51288,50178.67656,31536.59152,40637.86314,18061.87821,60992.84727,37943.43856,49719.30275
Glycine,32933.05523,23212.90318,29451.61678,23671.75471,40596.1037,30668.5854,16055.51987,22001.4175,10750.3759,15992.7281,21856.81143,19913.20189
Glutathione,118501.7588,106359.5487,83306.42734,54277.83572,94014.87883,122646.2756,152192.025,270397.8609,76093.36397,168721.311,219963.4381,131055.5188
Guanosine 5'-triphosphate,5721.882331,6067.312443,2385.338692,1996.212016,7603.269327,4799.600292,4645.370716,5692.512157,,,6225.937131,2199.772107
Hexoses (sum),402917.6351,268771.2355,416224.8299,343891.3817,505111.7793,457459.3928,266509.95,314319.0467,165634.5701,409139.9213,258210.3346,338804.7326
Histamine,22974.95231,13547.16315,17569.79349,17149.2774,26705.63741,21923.79862,9924.90012,16453.17463,8080.153249,9080.459255,15514.6843,13224.74814
Histidine,72419.14662,58392.11447,69697.29719,57765.40701,105573.7566,67880.2734,32293.62856,51761.04811,21718.07724,41690.47217,57870.83567,41331.27629
3-Hydroxyglutaric acid,733188.4446,577741.9566,893652.9497,670329.7131,969371.5368,749405.2083,633280.15,966611.5033,209597.8804,870912.6256,837362.262,981902.5021
5-Hydroxy-L-tryptophan,28129.71744,15245.8298,9417.733448,8638.907583,20992.60878,16195.81571,17792.97201,19319.2654,5946.840913,10005.77695,22804.43548,13791.07019
Hypotaurine,32065.04158,27172.78565,27725.74655,28812.71506,51404.65853,42842.28745,24904.30757,43263.77148,11716.08072,22774.73989,26816.78414,28904.21318
Inosine,5327.563737,4751.887172,5193.179337,5099.974968,6923.437724,5172.157213,3410.599037,6293.81981,2397.892035,4449.913017,5066.06733,3838.026025
Isoleucine,25354.65275,21660.88565,26309.66698,23176.68228,34753.23124,30411.46148,13407.37009,19511.4849,10671.82363,17008.61073,19407.79083,18850.21867
Lactic acid,360695.3036,217179.1747,274679.9643,243509.263,412173.2784,327234.3719,236356.7556,304613.7805,181714.355,292346.3929,327373.5064,347246.8362
Leucine,30313.81397,25420.11145,30144.28876,28347.02132,41348.32918,33920.2218,16065.52857,20203.6854,13783.13239,21669.69676,22244.67333,21669.41345
Lysine,14520.08712,8899.124677,14482.14775,11975.75728,19955.01575,12413.66785,7049.419518,8052.554923,1790.797038,9539.04831,9319.503103,10631.94964
Malic acid,395029.5756,283941.5862,367774.233,322159.2057,496320.5319,390544.5053,285569.6807,454228.2797,188949.5447,293393.1817,415347.5123,364691.3493
Malonic acid,17448.60187,13276.19295,19885.59264,21895.09276,22309.39003,27879.03012,9110.297076,16376.48185,11749.65115,17515.24001,13735.03748,17383.47582
Methionine,229471.9109,175560.1033,254750.2405,295379.4218,346909.4095,277654.9976,120348.0699,180168.0675,113773.4887,231537.9287,138768.4296,165434.477
2-Hydroxyisobutyric acid,23682.28092,15774.66387,19144.50071,17657.4281,31701.78009,26509.1665,13827.96237,20427.8852,10694.97627,16311.17123,22090.43118,19232.42736
Myo-Inositol,154553.5552,85767.9584,100741.4398,94298.56022,165810.6227,140129.9841,98954.92052,214672.2077,75383.89131,127949.4233,174819.1726,148835.7807
N-Acetyl-L-aspartate,787190.6628,601726.5033,891769.7711,867967.6442,962062.6562,922352.8496,490348.2458,837175.9625,481187.4359,867653.5342,676784.4962,671313.4045
N-Acetylleucine,5245.911498,6164.781027,6169.859028,5136.244727,8444.392549,5784.21183,3574.713046,5660.115266,2807.980236,5242.256531,5930.733727,5172.859509
N-Acetyl-L-alanine,135792.3314,100689.4654,122188.6547,120974.1104,187895.7711,152816.2123,85759.89254,139592.9714,65085.54999,99324.60922,133436.2576,110756.0485
2-Acetamido-2-Deoxy-D-Glucopyranose,8739.083941,6179.088793,7148.098581,9207.331588,6826.300851,5366.497124,3419.597326,4659.826365,3284.424077,4478.689617,6935.618665,7537.933978
N-acetyl-L-glutamate,166352.491,120579.8441,174560.7539,150853.8997,208926.167,169207.2615,108870.9108,167897.5641,42262.03819,162533.4131,149423.0657,158195.6449
N-Acetylglycine,38967.89288,36001.86246,33357.02101,28895.3128,48038.40189,40733.52478,30622.94786,44607.80007,16864.33606,26607.92522,45132.24627,30940.61476
N-Acetyl-Methionine,66667.52009,54236.80516,72705.59061,62556.79883,80320.05905,61109.48447,48226.09876,58962.83132,31311.44919,82981.74638,68409.61087,79651.64693
N-Acetylneuraminic acid,22738.37836,17351.66239,13515.32029,15258.44009,32765.41959,20656.98363,9725.226729,19318.09494,5625.718381,7068.996762,21226.14489,12522.94822
N-Acetyl-Tyrosine,8340.068549,6886.819773,11780.98143,5805.682771,11069.56246,8081.73172,4287.581029,8483.766941,4143.925423,7320.654749,7950.773934,7743.719967
N-carbamoyl-L-aspartate,28547.61367,2980.383406,,4190.176459,25014.27396,21264.2977,14003.39814,26191.70008,6325.494628,,31413.13075,26979.74989
Nicotinamide adenine dinucleotide,42500.88449,24390.72195,39856.35308,32436.06793,53559.38439,36979.95087,27363.09848,42448.23119,6872.551369,35551.86207,38221.00237,45108.53145
Ornithine,26037.25102,18534.69128,26661.55112,24701.00473,33185.83972,26423.40378,12247.26729,15111.86736,4274.323178,17080.57877,14277.22246,18398.67538
Orotic acid,21576.755,22746.81415,16920.57611,7321.952425,29185.66927,25034.9857,34755.37779,34443.66307,17591.79362,37969.13519,45320.08138,41070.32618
Oxaloacetate,9374.820701,7505.800784,12800.11424,11349.34621,12483.6967,11639.3751,6159.093303,11217.17082,4732.048207,10805.82468,9458.401416,9262.258512
Pantothenic acid,6843457.226,5837503.064,8977585.356,6406724.577,7788081.276,6691649.699,4590893.778,6940439.74,3832693.703,7415018.605,6936635.006,7215873.19
Pentoses (sum),39048.00276,27062.91494,40378.03086,32805.01242,42467.98755,29444.82907,19697.49833,31517.08373,16689.98977,32321.5479,35854.65771,42866.31811
Phenylalanine,46300.74888,40034.2995,50379.51736,43678.96958,63737.6148,48426.14462,24589.87423,32676.5101,21545.11378,34381.30857,34613.28934,33339.43974
Phosphoenolpyruvic acid,2456.259342,9426.91266,14126.58283,9594.54581,7496.606545,4130.008198,3436.531509,3045.049753,1645.464535,14326.22557,7784.448197,5044.808825
3-phosphoglycerate,8584.05962,12401.82831,20385.85129,13868.4294,13350.93411,7965.577071,7790.230318,7865.322932,12282.58086,16405.49299,7796.723856,11064.65893
Proline,742413.7631,506775.0743,889114.4807,687276.6347,1074114.477,716471.5084,281575.6743,394830.5653,162857.2315,392500.0661,406669.501,457923.0197
P-Serine,,405.24462,,,,,518.0528026,937.9316028,,,,
Pyridoxine,226906.8825,186183.3329,267649.2006,209908.8246,260787.2396,230443.9996,151317.4356,206809.8182,154363.9975,268962.5513,196504.3014,216790.1391
Pyroglutamic acid,200802.2228,154957.8875,189494.434,151196.1731,255284.7154,205482.7591,141893.9327,192840.5066,95768.39713,154412.6698,185872.1168,182498.5917
Pyruvic acid,356758.1772,301223.0056,402030.1842,299209.2726,350843.2224,325264.6779,250432.9691,315275.1658,194276.6379,361068.0509,264575.1057,386898.9982
Quinic acid,85741.89154,46866.22615,68396.9082,50888.50814,80643.13846,66813.21596,50006.77617,62819.97438,19755.38644,68406.02172,57388.81834,70792.14791
Ribose 5-phosphate,359655.0257,301893.6026,460248.1398,411286.9124,544964.3175,455447.8545,256882.4705,509382.2095,91489.01183,362873.1389,437969.6281,456429.9282
Ribulose 5-phosphate,118356.5992,91692.87173,147144.9977,126120.1061,179707.5727,154619.9279,85228.494,159141.9086,27451.74938,117836.9925,140303.5621,150545.5653
Sarcosine,15241.28064,11945.61666,14743.54002,11732.36182,18804.18351,16488.60588,10799.79583,14404.14316,7712.501651,10870.70132,17529.73649,13125.16615
D-Sedoheptulose 7-phosphate,33541.66147,20461.83366,32240.56528,30930.35121,41828.41728,33257.68752,19345.21637,33208.52586,10164.86313,27969.53873,26164.33658,31894.64366
Serine,153043.5288,120090.5941,157584.5549,142993.415,212306.971,166148.1336,93648.06249,147221.6851,64293.33595,106062.6951,128605.0589,126575.5643
Succinic acid,516354.6676,336876.7057,446357.8273,446508.9917,629375.2784,560810.5123,350939.8424,508377.5539,156745.8058,477178.9857,493545.9866,522669.8935
Sucrose,20410.10428,37130.06279,269224.0782,21594.64418,24961.17042,92861.95528,57702.84681,19586.64427,17966.64798,13617.55328,23988.75567,19888.43578
"Sugar alcohol (polyol, sum)",71538.67399,53654.17512,79596.54366,64531.31689,102395.8361,73854.1622,59869.28371,83918.49149,35339.05621,61489.67944,76571.41152,83803.21997
Sugar alcohol (sum),1325473.864,1025162.164,1621002.866,1076795.157,1593150.739,1084453.197,937311.2473,1457475.788,635952.2569,1330348.592,1546531.737,1537581.862
Taurine,1134674.394,1005349.526,1262037.175,1106061.957,1479007.251,1310678.037,891478.8858,1470095.042,715591.8215,1195675.645,1162964.14,1106618.379
Threonine,236927.9045,182060.7322,228588.2215,208804.9146,326019.4499,257685.619,127777.768,190480.8795,77460.58741,127142.4329,180139.3005,162503.3382
trans-4-Hydroxy-L-proline,178704.3438,127501.8651,177433.7131,163353.4753,221540.9621,180104.0058,106422.3735,169304.3624,67926.12001,172814.0952,154423.9262,170095.8209
trans-Aconitic acid,17474.63273,17335.59054,18470.25002,15725.30018,26162.91767,23085.26303,11624.94813,19952.95741,8379.881714,15710.27589,17917.02781,14048.43676
Tryptophan,87275.94998,72305.24095,101854.0875,97244.18552,120200.6604,89613.65503,41714.99311,56045.76584,40762.37791,77950.34458,56913.38583,57265.59504
Tyrosine,26510.59563,22329.71739,26835.86084,24469.64926,35450.33503,27213.73835,14801.60274,21162.23386,11556.17139,18060.98879,21238.47869,18565.50785
 Uridine 5'-diphosphoglucose,145319.8851,69676.12534,119726.9503,127701.0573,211932.0184,109464.8655,127809.8972,141349.9839,13233.39264,151969.7257,150876.0458,211621.3549
Uridine diphosphate-N-acetylgalactosamine,741559.3814,1515954.682,220123.9258,219204.2904,1801995.268,631598.5144,1554607.336,1887847.904,28033.04988,271215.3648,1271827.662,151296.3169
Uracil,39853.33862,34524.47289,35668.07157,22993.41639,46793.82823,43841.21025,58053.0103,54100.77882,31917.20855,83871.53791,73513.50736,92000.63394
Uric acid,41439.42673,26236.97251,41971.94612,29569.22217,46548.0154,45845.32951,29348.09374,33257.47928,18414.02144,44885.8384,29538.29269,35732.69369
Uridine,62048.17358,38546.84452,58305.30454,36689.83271,55447.61989,51796.98033,25652.45406,27886.83634,23417.63621,43921.87437,30430.12854,32953.40458
Uridine 5'-diphosphoglucuronic acid,171824.1275,131195.6819,182633.0237,173127.1705,284654.9343,141927.8634,169349.4676,232538.6135,17903.20505,182897.3316,187849.7356,263893.1235
Uridine 5'-monophosphate,20084.63669,8593.846197,12868.73448,17464.01944,36668.16876,32545.38978,12133.93435,23929.85659,6742.305711,5764.556194,19785.21999,15305.30775
Uridine 5'-triphosphate,1167463.839,1096438.778,1653665.242,1359222.143,1750319.306,1332774.039,1025315.391,1705689.264,220752.7724,1728140.846,1402375.549,1719639.714
Valine,14278.58586,11085.06216,13491.99489,11827.56819,19840.23248,15777.44518,7696.021211,10281.34567,5061.265082,8094.844069,10150.13228,9794.14503
Xanthine,336019.2896,262120.3053,361487.0337,279267.987,381996.6544,330104.5575,192638.9185,269727.6221,208312.8962,351156.1195,271218.5051,299593.042
,,,,,,,,,,,,
,,,,,,,,,,,,
"AMRT-MSMS= Accurate mass, Retention time and MSMS confirmed",,,,,,,,,,,,
